{
  "version": 1,
  "author": "JOAO VITOR MONTEIRO DOS SANTOS",
  "editor": "wokwi",
  "parts": [
    { "type": "board-esp32-devkit-c-v4", "id": "esp", "top": -19.2, "left": -52.76, "attrs": {} },
    {
      "type": "wokwi-pushbutton-6mm",
      "id": "btn1",
      "top": 39.4,
      "left": 61.6,
      "rotate": 90,
      "attrs": { "color": "green" }
    },
    {
      "type": "wokwi-pushbutton",
      "id": "btn2",
      "top": 15.8,
      "left": 115.2,
      "attrs": { "color": "green" }
    },
    {
      "type": "wokwi-lcd1602",
      "id": "lcd1",
      "top": 73.6,
      "left": 101.6,
      "attrs": { "pins": "i2c" }
    }
  ],
  "connections": [
    [ "esp:TX", "$serialMonitor:RX", "", [] ],
    [ "esp:RX", "$serialMonitor:TX", "", [] ],
    [ "esp:TX", "btn1:2.l", "green", [ "h19.2", "v-9.6" ] ],
    [ "btn1:1.l", "btn2:1.l", "green", [ "v0" ] ],
    [ "esp:2", "btn2:1.l", "magenta", [ "h57.6", "v-115.2" ] ],
    [ "btn2:2.l", "esp:GND.3", "black", [ "h-9.6", "v19.4" ] ],
    [ "lcd1:GND", "esp:GND.3", "black", [ "h-48", "v-38.4" ] ],
    [ "lcd1:VCC", "esp:5V", "red", [ "h-19.2", "v57.7", "h-115.2", "v9.6" ] ],
    [ "lcd1:SDA", "esp:21", "yellow", [ "h-57.6", "v-67" ] ],
    [ "lcd1:SCL", "esp:22", "cyan", [ "h-38.4", "v-105.3" ] ]
  ],
  "dependencies": {}
}